{"cameraMode":{"drawMode":0,"name":"Shaded","section":"Shading Mode"},"sceneLighting":false,"audioPlay":false,"sceneViewState":{"m_AlwaysRefresh":false,"showFog":true,"showSkybox":false,"showFlares":true,"showImageEffects":true,"showParticleSystems":true,"showVisualEffectGraphs":true,"m_FxEnabled":true},"in2DMode":false,"pivot":{"x":546.7899780273438,"y":17.040000915527345,"z":529.6400146484375},"rotation":{"x":0.22277401387691499,"y":0.2237849235534668,"z":-0.052971918135881427,"w":0.9475080966949463},"size":0.8660253882408142,"orthographic":false}