{"cameraMode":{"drawMode":0,"name":"Shaded","section":"Shading Mode"},"sceneLighting":false,"audioPlay":false,"sceneViewState":{"m_AlwaysRefresh":false,"showFog":true,"showSkybox":false,"showFlares":true,"showImageEffects":true,"showParticleSystems":true,"showVisualEffectGraphs":true,"m_FxEnabled":true},"in2DMode":false,"pivot":{"x":0.0026506930589675905,"y":0.26782217621803286,"z":-0.14248040318489076},"rotation":{"x":0.20868556201457978,"y":0.3100704848766327,"z":-0.07031785696744919,"w":0.9250127673149109},"size":0.5355681777000427,"orthographic":false}